NAME,YEAR,GPA,ID
Erik Lill,3,3.430000,100001
Erik Lilligren,3,3.430000,900021
Erik Lill,3,3.450000,900021
Erik test,3,4.210000,900021